{
    "Вінницька область": {
        "Вінницький район": [
            {"name": "Вінниця", "type": "місто", "districts": ["Центральний", "Жовтневий", "Північний"]},
            {"name": "Липовець", "type": "ПГТ", "districts": []},
            {"name": "Гнивань", "type": "село", "districts": []},
            {"name": "Іллінці", "type": "ПГТ", "districts": []},
            {"name": "Бар", "type": "місто", "districts": []},
            {"name": "Ямпіль", "type": "місто", "districts": []},
            {"name": "Немирів", "type": "місто", "districts": []},
            {"name": "Гайсин", "type": "місто", "districts": []},
            {"name": "Тульчин", "type": "місто", "districts": []},
            {"name": "Баранівка", "type": "село", "districts": []},
            {"name": "Мала Баранівка", "type": "село", "districts": []},
            {"name": "Оратів", "type": "село", "districts": []},
            {"name": "Хмільник", "type": "місто", "districts": []},
            {"name": "Теплий Кут", "type": "село", "districts": []},
            {"name": "Мурафа", "type": "село", "districts": []},
            {"name": "Калинівка", "type": "село", "districts": []},
            {"name": "Степанівка", "type": "село", "districts": []}
        ],
        "Жмеринський район": [
            {"name": "Жмеринка", "type": "місто", "districts": []},
            {"name": "Оріхівка", "type": "ПГТ", "districts": []},
            {"name": "Степанівка", "type": "село", "districts": []},
            {"name": "Бучалі", "type": "село", "districts": []},
            {"name": "Гриців", "type": "село", "districts": []},
            {"name": "Райківці", "type": "село", "districts": []},
            {"name": "Великі Костиші", "type": "село", "districts": []},
            {"name": "Ставище", "type": "село", "districts": []},
            {"name": "Красне", "type": "село", "districts": []},
            {"name": "Комарівка", "type": "село", "districts": []}
        ]
    },
    "Житомирська область": {
        "Житомирський район": [
            {"name": "Житомир", "type": "місто", "districts": ["Центральний", "Новоград-Волинський", "Волинський"]},
            {"name": "Бердичів", "type": "місто", "districts": []},
            {"name": "Малин", "type": "місто", "districts": []},
            {"name": "Коростень", "type": "місто", "districts": []},
            {"name": "Новоград-Волинський", "type": "місто", "districts": []},
            {"name": "Ємільчине", "type": "село", "districts": []},
            {"name": "Радомишль", "type": "село", "districts": []},
            {"name": "Попільня", "type": "село", "districts": []},
            {"name": "Овручи", "type": "місто", "districts": []},
            {"name": "Лугини", "type": "село", "districts": []},
            {"name": "Олевськ", "type": "місто", "districts": []},
            {"name": "Черняхів", "type": "село", "districts": []},
            {"name": "Глибока", "type": "село", "districts": []}
        ]
    },
    "Тернопільська область": {
        "Тернопільський район": [
            {"name": "Тернопіль", "type": "місто", "districts": ["Центральний", "Східний", "Західний"]},
            {"name": "Чортків", "type": "місто", "districts": []},
            {"name": "Борщів", "type": "місто", "districts": []},
            {"name": "Кременець", "type": "місто", "districts": []},
            {"name": "Підгайці", "type": "село", "districts": []},
            {"name": "Заліщики", "type": "місто", "districts": []},
            {"name": "Гусятин", "type": "село", "districts": []},
            {"name": "Товстоліс", "type": "село", "districts": []},
            {"name": "Мельники", "type": "село", "districts": []},
            {"name": "Білогородка", "type": "село", "districts": []}
        ],
        "Чортківський район": [
            {"name": "Чортків", "type": "місто", "districts": []},
            {"name": "Борщів", "type": "місто", "districts": []},
            {"name": "Пидгайці", "type": "село", "districts": []},
            {"name": "Герца", "type": "село", "districts": []},
            {"name": "Лановці", "type": "село", "districts": []},
            {"name": "Буча", "type": "село", "districts": []}
        ]
    },
    "Рівненська область": {
        "Рівненський район": [
            {"name": "Рівне", "type": "місто", "districts": ["Центральний", "Східний", "Західний"]},
            {"name": "Дубно", "type": "місто", "districts": []},
            {"name": "Сарни", "type": "місто", "districts": []},
            {"name": "Вараш", "type": "місто", "districts": []},
            {"name": "Костопіль", "type": "місто", "districts": []},
            {"name": "Глибока", "type": "село", "districts": []},
            {"name": "Клесів", "type": "село", "districts": []},
            {"name": "Літин", "type": "село", "districts": []},
            {"name": "Острозьк", "type": "село", "districts": []},
            {"name": "Млинів", "type": "село", "districts": []}
        ]
    },

        "Київська область": {
        "Київський район": [
            {"name": "Київ", "type": "місто", "districts": ["Київський", "Шевченківський", "Слобідський", "Основ’янський", "Немишлянський", "Холодногірський", "Московський", "Індустріальний", "Фрунзенський"]},
            {"name": "Біла Церква", "type": "місто", "districts": ["Центральний", "Північний", "Південний"]},
            {"name": "Фастів", "type": "місто", "districts": []},
            {"name": "Васильків", "type": "місто", "districts": []},
            {"name": "Обухів", "type": "місто", "districts": []},
            {"name": "Богуслав", "type": "село", "districts": []},
            {"name": "Переяслав", "type": "місто", "districts": []},
            {"name": "Сквира", "type": "село", "districts": []},
            {"name": "Тетіїв", "type": "село", "districts": []},
            {"name": "Ржищів", "type": "село", "districts": []},
            {"name": "Миронівка", "type": "село", "districts": []},
            {"name": "Українка", "type": "село", "districts": []}
        ],
        "Бучанський район": [
            {"name": "Буча", "type": "місто", "districts": ["Центральний", "Північний"]},
            {"name": "Ірпінь", "type": "місто", "districts": ["Центральний", "Північний"]},
            {"name": "Гостомель", "type": "ПГТ", "districts": []},
            {"name": "Ворзель", "type": "місто", "districts": []},
            {"name": "Макарів", "type": "місто", "districts": []},
            {"name": "Шевченкове", "type": "село", "districts": []},
            {"name": "Нові Петрівці", "type": "село", "districts": []},
            {"name": "Радицьке", "type": "село", "districts": []},
            {"name": "Бориспіль", "type": "село", "districts": []},
            {"name": "Дмитрівка", "type": "село", "districts": []}
        ],
        "Броварський район": [
            {"name": "Бровари", "type": "місто", "districts": ["Центральний", "Північний", "Південний"]},
            {"name": "Вишневе", "type": "місто", "districts": []},
            {"name": "Пісківка", "type": "село", "districts": []},
            {"name": "Клавдієве", "type": "село", "districts": []},
            {"name": "Чайки", "type": "село", "districts": []},
            {"name": "Дзьомки", "type": "село", "districts": []},
            {"name": "Києвець", "type": "село", "districts": []},
            {"name": "Піски", "type": "село", "districts": []}
        ],
        "Обухівський район": [
            {"name": "Обухів", "type": "місто", "districts": []},
            {"name": "Васильків", "type": "місто", "districts": []},
            {"name": "Фастів", "type": "місто", "districts": []},
            {"name": "Ржищів", "type": "місто", "districts": []},
            {"name": "Тараща", "type": "місто", "districts": []},
            {"name": "Сквира", "type": "місто", "districts": []},
            {"name": "Гатне", "type": "село", "districts": []},
            {"name": "Біляївка", "type": "село", "districts": []},
            {"name": "Розсошенці", "type": "село", "districts": []}
        ]
    },
    "Чернігівська область": {
        "Чернігівський район": [
            {"name": "Чернігів", "type": "місто", "districts": ["Новозаводський", "Центральний", "Деснянський"]},
            {"name": "Ніжин", "type": "місто", "districts": []},
            {"name": "Прилуки", "type": "місто", "districts": []},
            {"name": "Новгород-Сіверський", "type": "місто", "districts": []},
            {"name": "Бахмач", "type": "місто", "districts": []},
            {"name": "Ічня", "type": "місто", "districts": []},
            {"name": "Корюківка", "type": "місто", "districts": []},
            {"name": "Сновськ", "type": "село", "districts": []},
            {"name": "Ріпки", "type": "село", "districts": []},
            {"name": "Козелець", "type": "село", "districts": []}
        ]
    },
    "Сумська область": {
        "Сумський район": [
            {"name": "Суми", "type": "місто", "districts": ["Ленінський", "Кіровський", "Північний"]},
            {"name": "Шостка", "type": "місто", "districts": []},
            {"name": "Ахтирка", "type": "місто", "districts": []},
            {"name": "Конотоп", "type": "місто", "districts": []},
            {"name": "Тростянець", "type": "місто", "districts": []},
            {"name": "Лебедин", "type": "село", "districts": []},
            {"name": "Ворожба", "type": "село", "districts": []},
            {"name": "Миропіль", "type": "село", "districts": []}
        ]
    },
    "Харківська область": {
        "Харківський район": [
            {"name": "Харків", "type": "місто", "districts": ["Київський", "Шевченківський", "Слобідський", "Основ’янський", "Немишлянський", "Холодногірський", "Московський", "Індустріальний", "Фрунзенський"]},
            {"name": "Ізюм", "type": "місто", "districts": []},
            {"name": "Куп’янськ", "type": "місто", "districts": []},
            {"name": "Балаклія", "type": "місто", "districts": []},
            {"name": "Лозова", "type": "місто", "districts": []},
            {"name": "Золочів", "type": "село", "districts": []},
            {"name": "Дергачі", "type": "село", "districts": []},
            {"name": "Близнюки", "type": "село", "districts": []}
        ]
    },
    "Полтавська область": {
        "Полтавський район": [
            {"name": "Полтава", "type": "місто", "districts": ["Центральний", "Східний", "Північний"]},
            {"name": "Кременчук", "type": "місто", "districts": ["Центральний", "Залізничний", "Північний"]},
            {"name": "Миргород", "type": "місто", "districts": []},
            {"name": "Гадяч", "type": "місто", "districts": []},
            {"name": "Лубни", "type": "місто", "districts": []},
            {"name": "Зіньків", "type": "село", "districts": []},
            {"name": "Козельщина", "type": "село", "districts": []},
            {"name": "Хорол", "type": "село", "districts": []}
        ]
    },
    "Дніпропетровська область": {
        "Дніпровський район": [
            {"name": "Дніпро", "type": "місто", "districts": ["Центральний", "Самарський", "Чечелівський", "Шевченківський", "Інженерний", "Новокодацький", "Амур-Нижньодніпровський", "Соборний"]},
            {"name": "Підстепки", "type": "село", "districts": []},
            {"name": "Цементне", "type": "село", "districts": []},
            {"name": "Солоне", "type": "село", "districts": []},
            {"name": "Гвардійське", "type": "село", "districts": []},
            {"name": "Марганець", "type": "місто", "districts": []},
            {"name": "Жовте", "type": "місто", "districts": []},
            {"name": "Апостолове", "type": "місто", "districts": []},
            {"name": "Новомосковськ", "type": "місто", "districts": []}
        ],
        "Криворізький район": [
            {"name": "Кривий Ріг", "type": "місто", "districts": ["Центральний", "Тернівський", "Новокіровський", "Саксаганський", "Криворізький", "Північний"]},
            {"name": "Інгулець", "type": "село", "districts": []},
            {"name": "Саксаган", "type": "село", "districts": []},
            {"name": "Велика Новосілка", "type": "село", "districts": []},
            {"name": "Петрівка", "type": "село", "districts": []}
        ],
        "Кам’янський район": [
            {"name": "Кам’янське", "type": "місто", "districts": ["Самарський", "Центральний", "Новокам’янський"]},
            {"name": "Покров", "type": "місто", "districts": []},
            {"name": "Новокам’янське", "type": "село", "districts": []}
        ]
    },
    "Запорізька область": {
        "Запорізький район": [
            {"name": "Запоріжжя", "type": "місто", "districts": ["Вознесенівський", "Олександрівський", "Шевченківський", "Комунарський", "Франківський", "Хорольський"]},
            {"name": "Василівка", "type": "місто", "districts": []},
            {"name": "Енергодар", "type": "місто", "districts": []},
            {"name": "Пологи", "type": "місто", "districts": []},
            {"name": "Токмак", "type": "місто", "districts": []},
            {"name": "Оріхів", "type": "місто", "districts": []},
            {"name": "Кам’янське", "type": "село", "districts": []},
            {"name": "Чернігівка", "type": "село", "districts": []},
            {"name": "Комишна", "type": "село", "districts": []}
        ],
        "Мелітопольський район": [
            {"name": "Мелітополь", "type": "місто", "districts": ["Центральний", "Північний", "Південний"]},
            {"name": "Приморське", "type": "село", "districts": []},
            {"name": "Акимівка", "type": "село", "districts": []}
        ],
        "Бердянський район": [
            {"name": "Бердянськ", "type": "місто", "districts": ["Центральний", "Північний", "Південний"]},
            {"name": "Мала Токмака", "type": "село", "districts": []},
            {"name": "Велика Новосілка", "type": "село", "districts": []}
        ]
    },
    "Кіровоградська область": {
        "Кропивницький район": [
            {"name": "Кропивницький", "type": "місто", "districts": ["Центральний", "Східний", "Західний"]},
            {"name": "Олександрія", "type": "місто", "districts": ["Центральний", "Північний", "Південний"]},
            {"name": "Світловодськ", "type": "місто", "districts": []},
            {"name": "Голованівськ", "type": "місто", "districts": []},
            {"name": "Новомиргород", "type": "місто", "districts": []},
            {"name": "Петрівка", "type": "село", "districts": []}
        ]
    },
    "Черкаська область": {
        "Черкаський район": [
            {"name": "Черкаси", "type": "місто", "districts": ["Центральний", "Смілянський", "Черкаський"]},
            {"name": "Сміла", "type": "місто", "districts": []},
            {"name": "Умань", "type": "місто", "districts": []},
            {"name": "Жашків", "type": "місто", "districts": []},
            {"name": "Золотоніша", "type": "місто", "districts": []},
            {"name": "Катеринопіль", "type": "село", "districts": []},
            {"name": "Вільшанка", "type": "село", "districts": []}
        ]
    },
   "Одеська область": {
        "Одеський район": [
            {"name": "Одеса", "type": "місто", "districts": ["Приморський", "Суворовський", "Малиновський", "Київський", "Хаджибейський", "Слобідський"]},
            {"name": "Біляївка", "type": "місто", "districts": []},
            {"name": "Балта", "type": "місто", "districts": []},
            {"name": "Ізмаїл", "type": "місто", "districts": []},
            {"name": "Роздільна", "type": "місто", "districts": []},
            {"name": "Любашівка", "type": "село", "districts": []},
            {"name": "Комінтерн", "type": "село", "districts": []},
            {"name": "Теплодар", "type": "село", "districts": []},
            {"name": "Фонтанка", "type": "село", "districts": []},
            {"name": "Дачне", "type": "село", "districts": []}
        ]
    },
    "Херсонська область": {
        "Херсонський район": [
            {"name": "Херсон", "type": "місто", "districts": ["Центральний", "Північний", "Південний"]},
            {"name": "Нова Каховка", "type": "місто", "districts": []},
            {"name": "Скадовськ", "type": "місто", "districts": []},
            {"name": "Берислав", "type": "місто", "districts": []},
            {"name": "Каланчак", "type": "місто", "districts": []},
            {"name": "Гола Пристань", "type": "село", "districts": []},
            {"name": "Антонівка", "type": "село", "districts": []},
            {"name": "Верхній Рогачик", "type": "село", "districts": []}
        ]
    },
    "Львівська область": {
        "Львівський район": [
            {"name": "Львів", "type": "місто", "districts": ["Галицький", "Сихівський", "Франківський", "Залізничний", "Личаківський", "Піщанський"]},
            {"name": "Червоноград", "type": "місто", "districts": ["Центральний", "Північний", "Південний"]},
            {"name": "Стрий", "type": "місто", "districts": []},
            {"name": "Самбір", "type": "місто", "districts": []},
            {"name": "Дрогобич", "type": "місто", "districts": ["Центральний", "Східний", "Західний"]},
            {"name": "Моршин", "type": "ПГТ", "districts": []},
            {"name": "Трускавець", "type": "місто", "districts": []},
            {"name": "Глиняни", "type": "село", "districts": []},
            {"name": "Рава-Руська", "type": "село", "districts": []},
            {"name": "Золочів", "type": "село", "districts": []}
        ]
    },
    "Івано-Франківська область": {
        "Івано-Франківський район": [
            {"name": "Івано-Франківськ", "type": "місто", "districts": ["Центральний", "Сихівський", "Галицький"]},
            {"name": "Коломия", "type": "місто", "districts": ["Центральний", "Північний", "Південний"]},
            {"name": "Калуш", "type": "місто", "districts": ["Центральний", "Північний", "Південний"]},
            {"name": "Надвірна", "type": "місто", "districts": []},
            {"name": "Рогатин", "type": "місто", "districts": []},
            {"name": "Тисмениця", "type": "місто", "districts": []},
            {"name": "Делятин", "type": "село", "districts": []},
            {"name": "Ясіня", "type": "село", "districts": []}
        ]
    },
    "Волинська область": {
        "Луцький район": [
            {"name": "Луцьк", "type": "місто", "districts": ["Центральний", "Східний", "Західний"]},
            {"name": "Велика Мощаниця", "type": "ПГТ", "districts": []},
            {"name": "Голоби", "type": "село", "districts": []},
            {"name": "Вишнів", "type": "село", "districts": []},
            {"name": "Ратне", "type": "місто", "districts": []},
            {"name": "Голубівка", "type": "село", "districts": []},
            {"name": "Соколівка", "type": "село", "districts": []}
        ]
    },
      "Хмельницька область": {
        "Хмельницький район": [
            {"name": "Хмельницький", "type": "місто", "districts": ["Центральний", "Північний", "Південний"]},
            {"name": "Кам’янець-Подільський", "type": "місто", "districts": []},
            {"name": "Старокостянтинів", "type": "місто", "districts": []},
            {"name": "Шепетівка", "type": "місто", "districts": []},
            {"name": "Нетішин", "type": "місто", "districts": []},
            {"name": "Деражня", "type": "село", "districts": []},
            {"name": "Глиняни", "type": "село", "districts": []},
            {"name": "Соколівка", "type": "село", "districts": []},
            {"name": "Волочиськ", "type": "село", "districts": []},
            {"name": "Полонне", "type": "село", "districts": []},
            {"name": "Красилів", "type": "село", "districts": []},
            {"name": "Ізяслав", "type": "село", "districts": []},
            {"name": "Старокостянтинів", "type": "село", "districts": []}, 
            {"name": "Летичів", "type": "село", "districts": []},
            {"name": "Старосинявка", "type": "село", "districts": []},
            {"name": "Віньківці", "type": "село", "districts": []},
            {"name": "Антоніни", "type": "село", "districts": []},
            {"name": "Чемерівці", "type": "село", "districts": []},
            {"name": "Сатанів", "type": "село", "districts": []},
            {"name": "Полонне", "type": "село", "districts": []},
            {"name": "Городок", "type": "село", "districts": []},
            {"name": "Дунаївці", "type": "село", "districts": []},
            {"name": "Красилівка", "type": "село", "districts": []},
            {"name": "Славута", "type": "село", "districts": []},
            {"name": "Ярмолинці", "type": "село", "districts": []},
            {"name": "Летичівка", "type": "село", "districts": []},
            {"name": "Новояричів", "type": "село", "districts": []},
            {"name": "Чорний Острів", "type": "село", "districts": []},
            {"name": "Волочиськ", "type": "село", "districts": []}
        ]
    }
}
